"0","news_tokens_clean <- tokens(newspaper_corpus, "
"0","                       what = ""word"", "
"0","                       remove_numbers = TRUE,"
"0","                       remove_punct = TRUE) %>%"
"0","                tokens_tolower()"
"0",""
"0","news_custom_stopwords <- c(stopwords(""en""), ""ee"", ""ae"", ""said"", ""se"", ""re"", ""oe"", ""eee"", ""e"", ""es"", ""I"")"
"0",""
"0","news_tokens_clean <- tokens_select(news_tokens_clean,"
"0","                              pattern = news_custom_stopwords,"
"0","                              selection = ""remove"")"
"0",""
